restaurantID,name,location,reviewCount,rating,categories,address,Hours,GoodforKids,AcceptsCreditCards,Parking,Attire,GoodforGroups,PriceRange,TakesReservations,Delivery,Takeout,WaiterService,OutdoorSeating,WiFi,GoodFor,Alcohol,NoiseLevel,Ambience,HasTV,Caters,WheelchairAccessible,webSite,phoneNumber,filReviewCount
-TcRFgNoikGd36DlgokVdA,Bella Bronze Tan & Body Spa,"Bella Bronze Tan & Body Spa - Near Southside - Chicago, IL",45,5,"Beauty and Spas, Tanning, Day Spas, Skin Care, METADATA","1503 S Michigan Ave (at 14th St) Chicago, IL 60605 Neighborhood: Near Southside",Mon-Fri 9 am - 9 pm Sat 9 am - 7 pm,,Yes,"Street, Private Lot",,,$$,,,,,,,,,,,,,Yes,http://www.bellabronzetan.com,(312) 427-6693,11
-WL5bFWWhbwWCVI4GYBkhQ,Beard Papa's Cream Puffs,"Beard Papa's Cream Puffs - The Loop - Chicago, IL",321,4,"Food, Bakeries, Desserts, Coffee & Tea, METADATA","108 N State St (between Court Pl & Washington St) Chicago, IL 60602 Neighborhood: The Loop",Mon-Thu 7:30 am - 7:30 pm Fri 7 am - 7:30 pm Sat 10 am - 7 pm,,Yes,Street,,,$,,,,,No,,,,,,,,Yes,,(312) 960-9000,25
0-j1UL2JhVfPc-flsK3aVA,Bar Millennium,"Bar Millennium - The Loop - Chicago, IL",7,4,"Nightlife, Bars, Pubs, METADATA","151 N Michigan Ave (at Randolph St) Chicago, IL 60601 Neighborhood: The Loop",,,Yes,,,Yes,$,,,,,No,,,Full Bar,Very Loud,Divey,Yes,,Yes,,(312) 846-6875,4
091Y2qP4mAZpHfrdwqQyZQ,Baldwin Kathleen Cooper MD,"Baldwin Kathleen Cooper MD - The Loop - Chicago, IL",1,5,"Health and Medical, Doctors, METADATA","151 N Michigan Avenue Chicago, IL 60601 Neighborhood: The Loop",,,,,,,,,,,,,,,,,,,,,,(312) 861-9498,0
0s3yJUGqg9KrPCSwk8hJNA,Brandos,"Brandos - The Loop - Chicago, IL",143,4,"Nightlife, Bars, Lounges, Dance Clubs, Karaoke, METADATA","343 S Dearborn St Chicago, IL 60604 Neighborhood: The Loop",Mon-Fri 10 am - 2 am Sat 11 am - 3 am Sun 11 am - 2 am,,Yes,Street,,Yes,$$,,,,,No,,,Full Bar,Average,Casual,Yes,,Yes,http://www.brandoschicago.com,(773) 216-3213,47
12YOCJb0zuKue-F7ysHGSg,BomBon 4,"BomBon 4 - CLOSED - The Loop - Chicago, IL",50,5,"Restaurants, Mexican, METADATA","170 W Washington St (between La Salle St & Wells St) Chicago, IL 60602 Neighborhood: The Loop",,Yes,Yes,Street,Casual,Yes,$,No,No,Yes,Yes,No,,Lunch,No,,,,,Yes,http://www.bomboncafe.com,(312) 781-2788,1
1s9iSQ4z8yDy9ffGqg81Fw,Blue Cross Blue Shield,"Blue Cross Blue Shield - The Loop - Chicago, IL",17,3,"Health and Medical, METADATA","300 E Randolph St (at Columbus Dr) Chicago, IL 60601 Neighborhood: The Loop",,,,,,,,,,,,,,,,,,,,,http://www.bcbsil.com,(312) 938-7500,12
210rvDTo_0HSSo5tLr9HMA,Bash on Wabash,"Bash on Wabash - Near Southside - Chicago, IL",8,3,"Local Flavor, METADATA","Wabash at 14th St. Chicago, IL 60605 Neighborhood: Near Southside",,Yes,,,,,,,,,,,,,,,,,,,http://www.greatersouthloop.org/BAâ€¦,,0
2PIvYS7kCl4O8WD71-XjQw,Best Imaging Solutions,"Best Imaging Solutions - The Loop - Chicago, IL",2,3,"Local Services, Printing Services, METADATA","20 E Randolph St Chicago, IL 60601 Neighborhood: The Loop",,,,,,,,,,,,,,,,,,,,,,(312) 357-9050,2
4ogd5u2JhzgJvsF7TK_CNQ,"Brynne Anderson, DDS","Brynne Anderson, DDS - The Loop - Chicago, IL",5,5,"Health and Medical, Dentists, METADATA","111 N Wabash Ave Ste 1107 Chicago, IL 60602 Neighborhood: The Loop",Mon-Thu 8 am - 6 pm,,,,,,,,,,,,,,,,,,,,http://www.intheloopdentist.com,(312) 609-1300,26
5IL7unC2D3G8X7vaIfjfDA,Berry Chill,"Berry Chill - The Loop - Chicago, IL",2,5,"Food, Ice Cream & Frozen Yogurt, METADATA","225 N Michigan Avenue (between Lake St & Wacker Pl) Chicago, IL 60601 Neighborhood: The Loop",,,Yes,,,,$$,,,,,,,,,,,,,,http://www.berrychill.com,(312) 861-0900,0
6cmVmhzc8zRg72TtEX_WPQ,Bombon,"Bombon - Near West Side - Chicago, IL",7,3,"Food, Bakeries, METADATA","36 S Ashland Ave Chicago, IL 60606 Neighborhoods: Near West Side, West Loop",,,Yes,,,,$$$,,,,,,,,,,,,,Yes,http://www.bomboncafe.com,(312) 798-6888,1
6jTzrKHZwk9WbGOd3EepJQ,Bert Green Fine Art,"Bert Green Fine Art - The Loop - Chicago, IL",4,5,"Arts & Entertainment, Art Galleries, Shopping, METADATA","8 S Michigan Ave Ste 1220 (between Madison St & Monroe St) Chicago, IL 60603 Neighborhood: The Loop",Wed-Fri 12 pm - 6 pm Sat 12 pm - 5 pm,No,,,,,$$$,,,,,,,,,,,,,Yes,http://www.bgfa.us/,(312) 434-7544,0
6uHZp2gEACbXPahtjLdibw,Bank of America,"Bank of America - The Loop - Chicago, IL",3,5,"Financial Services, Banks & Credit Unions, Home Services, Real Estate, Mortgage Brokers, METADATA","2 S Michigan Ave Chicago, IL 60603 Neighborhood: The Loop",,,,,,,,,,,,,,,,,,,,,http://www.bankofamerica.com,(312) 580-1976,0
6V-_fOaVf_JKGWxA4PvDDA,Bennigan's,"Bennigan's - CLOSED - The Loop - Chicago, IL",26,3,"Restaurants, METADATA","225 N Michigan Avenue (between Lake St & Wacker Pl) Chicago, IL 60601 Neighborhood: The Loop",,Yes,Yes,,Casual,Yes,$$,,,Yes,Yes,No,,,,,,,,Yes,,(312) 938-9080,3
6v0fFTgZgtlgekrCS5rXaw,"Bongiorno Joseph A, MD","Bongiorno Joseph A, MD - The Loop - Chicago, IL",2,5,"Health and Medical, Doctors, Psychiatrists, METADATA","30 N Michigan Ave Ste 1609 Chicago, IL 60602 Neighborhood: The Loop",,,,,,,,,,,,,,,,,,,,,,(312) 782-6319,0
6_PHtHLhghGESuxTc47SGg,Benefit Brow Bar,"Benefit Brow Bar - The Loop - Chicago, IL",24,4,"Beauty and Spas, METADATA","111 N State St (between Washington St & Court Pl) Chicago, IL 60602 Neighborhood: The Loop",Mon-Sat 10 am - 8 pm Sun 11 am - 6 pm,,Yes,Garage,,,$$,,,,,,,,,,,,,Yes,http://www.macys.com/catalog/indexâ€¦,(312) 781-1000,11
7eRnlfZnXvsZ3M2NbddDdg,Bionda To Go,"Bionda To Go - CLOSED - The Loop - Chicago, IL",13,4,"Restaurants, Italian, METADATA","400 S Financial Pl (between Van Buren St & Congress Pky) Chicago, IL 60605 Neighborhood: The Loop",,No,Yes,,Casual,No,$,No,Yes,Yes,No,No,No,Lunch,No,Average,,No,,Yes,,(312) 435-0400,3
8xGzvcmrZ5EJBOKylpsslw,Bank of America,"Bank of America - The Loop - Chicago, IL",2,1,"Financial Services, Banks & Credit Unions, METADATA","233 S Wacker Drive Chicago, IL 60606 Neighborhood: The Loop",,,,,,,,,,,,,,,,,,,,,,(312) 234-5000,1
ABV1Ow2DMdBZAHVz5RrcOw,Burlington Coat Factory,"Burlington Coat Factory - The Loop - Chicago, IL",2,3,"Shopping, Department Stores, Fashion, METADATA","1 N State St (between Madison St & Monroe St) Chicago, IL 60603 Neighborhood: The Loop",,,,,,,,,,,,,,,,,,,,,http://www.burlingtoncoatfactory.câ€¦,(312) 629-1815,1
AgN30Sf7VIRuicScI7Vc9A,Books In The City,"Books In The City - South Loop - Chicago, IL",4,4,"Shopping, Books, Mags, Music and Video, Bookstores, METADATA","545 S State St (between Harrison St & Congress Pky) Chicago, IL 60605 Neighborhood: South Loop",Mon-Fri 10 am - 7 pm Sat 11 am - 6 pm,,Yes,Street,,,$$,,,,,,,,,,,,,Yes,http://www.booksinthecity.com,(312) 291-1111,0
b0E0B895Dtf_eNvP2eVfwA,Barbara's Bookstore,"Barbara's Bookstore - The Loop - Chicago, IL",1,4,"Add, METADATA","111 N State Street Chicago, IL 60602 Neighborhood: The Loop",,,,,,,,,,,,,,,,,,,,,,(312) 781-3033,0
B2Wgw3j602wu9o1bbdXQNg,Burrito Beach,"Burrito Beach - Near West Side - Chicago, IL",14,3,"Restaurants, Tex-Mex, METADATA","210 S Canal St (between Adams St & Fulton St) Chicago, IL 60606 Neighborhood: Near West Side",,Yes,Yes,,Casual,Yes,$,No,No,Yes,No,No,No,Lunch,No,Very Loud,,No,No,Yes,,(312) 575-9749,0
b6DDnuj6WeQozVEXngTEKA,Bella Bacino's,"Bella Bacino's - The Loop - Chicago, IL",137,4,"Restaurants, Pizza, Italian, METADATA","75 E Wacker Dr (between Wabash Ave & Macchesneyer Dr) Chicago, IL 60601 Neighborhood: The Loop",Mon-Fri 6:30 am - 11 pm Sat 8 am - 11 pm Sun 8 am - 10 pm,Yes,Yes,Street,Casual,Yes,$$,Yes,Yes,Yes,Yes,Yes,Free,Dinner,Full Bar,Average,Casual,Yes,Yes,Yes,http://www.bacinos.com/,(312) 263-2350,24
B8scdkaVSwnWeqORgLPhVA,BB's,"BB's - CLOSED - Near North Side - Chicago, IL",26,4,"Restaurants, American (Traditional), Nightlife, Bars, METADATA","22 E Hubbard St Chicago, IL 60601 Neighborhood: Near North Side",,No,Yes,Street,Casual,Yes,$$,Yes,No,Yes,Yes,Yes,,Dinner,Full Bar,,,,,,,(312) 755-0007,2
b9ydWirWbGZTF-X8tmw5lw,Buen Apetito,"Buen Apetito - Near West Side - Chicago, IL",14,4,"Restaurants, Mexican, METADATA","French Market 131 N Clinton St Chicago, IL 60606 Neighborhood: Near West Side",,,Yes,,Casual,No,$,No,,Yes,No,No,,,No,Loud,,No,,,,(312) 234-9600,2
belkExx9ktP516XiqPxCDg,Beef and Brandy,"Beef and Brandy - The Loop - Chicago, IL",115,3,"Restaurants, American (Traditional), Breakfast & Brunch, METADATA","127 S State St (between Marble Pl & Adams St) Chicago, IL 60603 Neighborhood: The Loop",Mon-Tue 7 am - 9 pm Wed-Sat 7 am - 10 pm Sun 7 am - 7 pm,Yes,Yes,Street,Casual,Yes,$$,Yes,Yes,Yes,Yes,No,Free,"Lunch, Breakfast",Full Bar,Average,Casual,Yes,,Yes,http://www.beefbrandy.net,(312) 372-3451,21
bFxtGcL0W7ZNEj3NwTmM0A,Blackbird,"Blackbird - Near West Side - Chicago, IL",676,4,"Restaurants, American (New), METADATA","619 W Randolph St Chicago, IL 60606 Neighborhood: Near West Side",Mon-Fri 11:30 am - 2 pm Mon-Thu 5:30 pm - 10:30 pm Fri-Sat 5:30 pm - 11:30 pm,No,Yes,"Street, Valet",Dressy,No,$$$,Yes,No,No,Yes,Yes,No,Dinner,Full Bar,Average,"Classy, Trendy, Upscale",No,No,Yes,http://www.blackbirdrestaurant.com/,(312) 715-0708,52
bLacdO70gh88-MNWLUM4Ag,"Belke Carolyn, DDS","Belke Carolyn, DDS - The Loop - Chicago, IL",8,4,"Health and Medical, Dentists, General Dentistry, METADATA","55 E Washington St (between Wabash Ave & Dearborn St) Chicago, IL 60602 Neighborhood: The Loop",,,,,,,,,,,,,,,,,,,,,,(312) 332-0416,6
Bpf0-FR1AW1krzAxAt3C6Q,Bodega N.5,"Bodega N.5 - South Loop - Chicago, IL",22,4,"Restaurants, Spanish, Nightlife, Bars, Pubs, METADATA","638 S Michigan Ave (between Congress Plaza Dr & Harrison St) Chicago, IL 60605 Neighborhood: South Loop",Tue-Wed 6:30 am - 5 pm Thu 6:30 am - 10 pm Fri-Sat 6:30 am - 12 am,No,Yes,"Validated, Valet",Casual,Yes,$,No,No,Yes,Yes,Yes,Free,,Full Bar,Loud,"Trendy, Casual",Yes,No,Yes,,(312) 542-3605,1
BphyZ09tuDuJ7TPr1syPhQ,Brasserie By LM,"Brasserie By LM - South Loop - Chicago, IL",37,3,"Restaurants, French, METADATA","800 S Michigan Ave (between Balbo Ave & 9th St) Chicago, IL 60605 Neighborhood: South Loop",Mon-Sun 6 am - 10:30 pm,Yes,Yes,Street,Casual,Yes,$$,Yes,No,Yes,Yes,Yes,Paid,"Late Night, Lunch, Dinner, Breakfast",Full Bar,Average,,Yes,Yes,,http://brasseriebylm.com/,(312) 431-1788,12
CkBkSh2KdwQhkEeIEQKv_w,BackStage Bistro,"BackStage Bistro - The Loop - Chicago, IL",16,4,"Restaurants, American (New), Education, Specialty Schools, Cooking Schools, METADATA","180 N Wabash Ave Chicago, IL 60601 Neighborhood: The Loop",Wed-Fri 11:30 am - 1 pm Wed-Fri 5:30 pm - 7 pm,Yes,Yes,,Casual,Yes,$$,Yes,No,No,Yes,No,,Lunch,Full Bar,Quiet,,No,Yes,Yes,,(312) 777-7800,3
Cm7HjxpmX61s4fV3QaH8bw,Borders,"Borders - CLOSED - The Loop - Chicago, IL",70,4,"Shopping, Books, Mags, Music and Video, Bookstores, METADATA","150 N State St (between Benton Pl & Couch Pl) Chicago, IL 60601 Neighborhood: The Loop",,,Yes,Street,,,$$,,,,,,,,,,,,,Yes,http://www.borders.com,(312) 606-0750,3
cW7X-3ZGv0nTwIgJ82R3dA,Berghoff CafÃ©,"Berghoff CafÃ© - The Loop - Chicago, IL",99,4,"Restaurants, German, American (New), Polish, METADATA","17 W Adams St (between Dearborn St & State St) Chicago, IL 60603 Neighborhood: The Loop",Mon-Fri 11 am - 2:30 pm,Yes,Yes,Street,Casual,Yes,$$,Yes,No,Yes,Yes,No,No,Lunch,Full Bar,Average,Casual,No,,Yes,http://www.theberghoff.com/cafe/deâ€¦,(312) 427-7399,4
CXWcgEmNQ1zSjiIU9--HOw,Berghoff Catering,"Berghoff Catering - The Loop - Chicago, IL",17,4,"Event Planning & Services, Caterers, METADATA","17 W Adams St (between State St & Dearborn St) Chicago, IL 60603 Neighborhood: The Loop",,,,,,,,,,,,,,,,,,,,,http://www.berghoffcatering.com,(312) 408-0200,6
D3tzOb9LneB10eNNooZyBg,Best Western Grant Park,"Best Western Grant Park - South Loop - Chicago, IL",17,3,"Event Planning & Services, Hotels, Hotels & Travel, METADATA","1100 S. Michigan Avenue (between 11th St & Roosevelt Rd) Chicago, IL 60605 Neighborhood: South Loop",,,Yes,,,,$$,,,,,,Free,,,,,,,,http://www.bwgrantparkhotel.com,(312) 922-2900,9
D4tTwfLqr1un9nlcnKELbQ,Bergen Counseling Center,"Bergen Counseling Center - The Loop - Chicago, IL",1,5,"Health and Medical, Counseling & Mental Health, METADATA","208 S LaSalle Ste 1889 Chicago, IL 60604 Neighborhood: The Loop",Mon 9 am - 5 pm Tue-Thu 9 am - 9 pm Fri 9 am - 6 pm,,,,,,,,,,,,,,,,,,,,http://www.bergencounselingcenter.â€¦,(773) 512-4992,0
dNMlgVvlmUA8e4r5qhm5aA,Baja Fresh,"Baja Fresh - CLOSED - The Loop - Chicago, IL",17,4,"Restaurants, Mexican, METADATA","180 N Michigan Ave (at Lake St) Chicago, IL 60601 Neighborhood: The Loop",,,,,,,,,,,,,,,,,,,,,,(312) 223-8590,0
DNTObJfENaR9cZTQEUVn_g,Burnham Park Animal Hospital,"Burnham Park Animal Hospital - South Loop - Chicago, IL",52,4,"Pets, Veterinarians, Pet Services, Pet Boarding/Pet Sitting, METADATA","1025 S State St (between 11th St & Taylor St) Chicago, IL 60605 Neighborhood: South Loop",Mon-Thu 8 am - 8 pm Fri 8 am - 6 pm Sat 8 am - 2 pm,,,,,,,,,,,,,,,,,,,,http://www.burnhamparkvet.com/,(312) 663-9200,40
DxcTQUoY5ue-Q0B9zBDpgQ,Bally Total Fitness,"Bally Total Fitness - CLOSED - The Loop - Chicago, IL",3,2,"Active Life, Fitness & Instruction, Gyms, Trainers, METADATA","230 W Monroe St Chicago, IL 60606 Neighborhood: The Loop",,No,,,,,,,,,,,,,,,,,,,http://www.ballyfitness.com,(312) 263-4500,1
DYs1U5lXggLCzEzSX5bsVw,Budget Car Rental,"Budget Car Rental - South Loop - Chicago, IL",7,3,"Automotive, Hotels & Travel, Car Rental, METADATA","714 SOUTH WABASH (between Balbo Ave & 8th St) Chicago, IL 60605 Neighborhood: South Loop",,,,,,,,,,,,,,,,,,,,,http://www.budget.com,(312) 960-3100,0
E6ub9_cNXgeBq3tdNCxjTA,Bell Funding,"Bell Funding - The Loop - Chicago, IL",1,1,"Financial Services, Check Cashing/Pay-day Loans, METADATA","105 W Madison St Ste 1800 (between La Salle St & Clark St) Chicago, IL 60603 Neighborhood: The Loop",,,,,,,,,,,,,,,,,,,,,http://bellfundinggroup.com,(312) 391-9625,1
eDL4WayYEWh8GMNfYBGZEA,Balance Spa & Fitness Palmer House,"Balance Spa & Fitness Palmer House - The Loop - Chicago, IL",56,4,"Beauty and Spas, Day Spas, Massage, METADATA","17 E Monroe St 5th Fl (between State St & Wabash Ave) Chicago, IL 60603 Neighborhood: The Loop",Mon-Sat 9 am - 8 pm Sun 9 am - 6 pm,,Yes,"Garage, Valet",,,$$$,,,,,,,,,,,,,,http://www.balancespachicago.com/iâ€¦,(312) 422-1336,24
emywLyn-d4TpeZ32U36KQg,Bacci Pizzeria,"Bacci Pizzeria - Chicago, IL",12,4,"Restaurants, Pizza, METADATA","105 W Madison St Lower Level (between Clark St & La Salle St) Chicago, IL 60602",,Yes,Yes,,Casual,Yes,$$,No,Yes,Yes,Yes,No,,,No,Average,,,,No,http://www.baccipizza.com,(312) 726-2220,2
eoskzWbS9jeQKWwyIhxSig,Bakers Footwear Group,"Bakers Footwear Group - The Loop - Chicago, IL",16,4,"Shopping, Fashion, Shoe Stores, METADATA","133 S State St (between Adams St & Marble Pl) Chicago, IL 60603 Neighborhood: The Loop",,,Yes,,,,$$,,,,,,,,,,,,,Yes,http://www.bakersshoes.com/,(312) 641-1203,2
FbkdLXAfRd-c_G0XF5ZHIA,Betty Rymer Gallery,"Betty Rymer Gallery - The Loop - Chicago, IL",1,5,"Arts & Entertainment, Art Galleries, Shopping, METADATA","280 South Columbus Drive (between Jackson Dr & Monroe St) Chicago, IL 60603 Neighborhood: The Loop",,,,,,,,,,,,,,,,,,,,,http://www.artic.edu/saic/art/gallâ€¦,(312) 443-3703,1
fjHe3M1WDb-Jrbhoiomp-w,Barnett C Wesley DDS,"Barnett C Wesley DDS - The Loop - Chicago, IL",1,5,"Health and Medical, Dentists, General Dentistry, METADATA","29 S La Salle St (between Arcade Pl & Monroe St) Chicago, IL 60603 Neighborhood: The Loop",Tue-Fri 7:30 am - 3:30 pm Sat 7:30 am - 12 pm,,,,,,,,,,,,,,,,,,,,,(312) 726-1155,0
FLwOlXqp5kvwnii3UQ2rLg,Bacci Pizzeria,"Bacci Pizzeria - The Loop - Chicago, IL",15,3,"Restaurants, Pizza, Italian, METADATA","407 S Dearborn (between Van Buren St & Congress Pky) Chicago, IL 60605 Neighborhood: The Loop",Mon-Fri 10 am - 9 pm Sat 11 am - 6 pm,Yes,Yes,Street,Casual,Yes,$,No,Yes,Yes,No,No,,Lunch,No,Average,,Yes,,,http://www.baccipizza.com,(312) 880-0200,4
fWLG1QNLhrx1spU2Rqwj4Q,Bally Total Fitness,"Bally Total Fitness - CLOSED - The Loop - Chicago, IL",54,2,"Active Life, Fitness & Instruction, Gyms, METADATA","25 E Washington St (between State St & Holden Ct) Chicago, IL 60602 Neighborhood: The Loop",,No,,,,,,,,,,,,,,,,,,,http://www.ballyfitness.com/get-stâ€¦,(312) 372-7755,16
fZMMj2dXMFCLq47SqDGbwQ,Burnham Pointe,"Burnham Pointe - Printer's Row - Chicago, IL",6,3,"Home Services, Real Estate, Apartments, METADATA","730 S Clark St (between Harrison St & Polk St) Chicago, IL 60605 Neighborhoods: Printer's Row, South Loop",,,Yes,,,,,,,,,,,,,,,,,,http://www.burnhampointe.com,(312) 880-0885,15
fzmRBfcH10IVQQAU28pzig,Body & Soul Hair Design,"Body & Soul Hair Design - The Loop - Chicago, IL",19,4,"Beauty and Spas, Hair Salons, METADATA","103 W Van Buren St (between Clark St & La Salle St) Chicago, IL 60605 Neighborhood: The Loop",,Yes,Yes,"Garage, Street",,,$$,,,,,,,,,,,,,Yes,,(312) 922-5472,31
gvsIEeE-sxFqrylDIjTnIQ,Bashia Hair Salon,"Bashia Hair Salon - South Loop - Chicago, IL",2,3,"Beauty and Spas, Hair Salons, METADATA","722 S Michigan Ave (between 8th St & Balbo Ave) Chicago, IL 60605 Neighborhood: South Loop",,No,,,,,$$$,,,,,,,,,,,,,,http://www.chicago-hilton.com,,0
H33CtHCGvJm4Zz61WRzEow,Burnham Cleaners,"Burnham Cleaners - Printer's Row - Chicago, IL",2,5,"Add, METADATA","720 S Clark St Chicago, IL 60605 Neighborhoods: Printer's Row, South Loop",,,,,,,,,,,,,,,,,,,,,,(312) 362-0525,1
hJD9hQWvBW3t8Zbv7E44AA,Burnham Park Yacht Club,"Burnham Park Yacht Club - Near Southside - Chicago, IL",4,5,"Add, METADATA","1500 S Linn White Dr Chicago, IL 60605",,,,,,,,,,,,,,,,,,,,,,(312) 427-4664,1
HRvdo6JwN-f1Kzwuqla0hA,Barro Mexican Cruisine,"Barro Mexican Cruisine - CLOSED - The Loop - Chicago, IL",22,3,"Restaurants, Mexican, METADATA","73 E Lake St (between Garland Ct & Dearborn St) Chicago, IL 60601 Neighborhood: The Loop",,No,Yes,,Casual,Yes,$$,No,No,Yes,Yes,No,,,Full Bar,,,,,Yes,,(312) 346-8457,1
HSoa0_zcR1Ek8HAcwdJNDw,Bank of America,"Bank of America - The Loop - Chicago, IL",4,3,"Add, METADATA","33 N Dearborn St Chicago, IL 60602 Neighborhood: The Loop",,,,,,,,,,,,,,,,,,,,,,(312) 849-1200,2
i1YHH-LzIBH5iJtRumtJyQ,Barbara's Bestsellers,"Barbara's Bestsellers - The Loop - Chicago, IL",2,3,"Shopping, Books, Mags, Music and Video, METADATA","Sears Tower - Lower Level 1 233 S Wacker Dr Chicago, IL 60606 Neighborhood: The Loop",,,,,,,,,,,,,,,,,,,,,http://www.barbarasbookstore.com/,(312) 466-0223,0
i8jPE0bb-tnc3eMN8Vv2Fg,Bennigan's Grill & Tavern,"Bennigan's Grill & Tavern - The Loop - Chicago, IL",94,3,"Restaurants, American (Traditional), METADATA","150 S Michigan Ave (between Monroe St & Adams St) Chicago, IL 60603 Neighborhood: The Loop","Mon-Thu, Sun 11 am - 12 am Fri-Sat 11 am - 1 am",Yes,Yes,Street,Casual,Yes,$$,Yes,No,Yes,Yes,Yes,No,"Lunch, Dinner",Full Bar,Average,Casual,Yes,No,Yes,http://www.bennigans.com,(312) 427-0570,18
Ic36DStkboIcukk8rw3isA,Beehive Shoe Works,"Beehive Shoe Works - The Loop - Chicago, IL",79,5,"Local Services, Shoe Repair, METADATA","35 N Wells St Chicago, IL 60606 Neighborhood: The Loop",Mon-Fri 7:30 am - 6 pm Sat 9 am - 3 pm,,Yes,,,,,,,,,,,,,,,,,,http://www.beehive-shoeworks.com/,(312) 263-4888,178
IY2zuBkaIXlpoIzgWYmzFg,B-96 Wbbm FM,"B-96 Wbbm FM - The Loop - Chicago, IL",10,3,"Mass Media, Radio Stations, METADATA","180 N Stetson St (between Randolph St & Lake St) Chicago, IL 60601 Neighborhood: The Loop",,,,,,,,,,,,,,,,,,,,,,(312) 944-6000,1
jfRKmyb6GSRImO8t5EE88w,Burrito Beach,"Burrito Beach - The Loop - Chicago, IL",26,4,"Restaurants, Mexican, METADATA","19 S La Salle St (between Arcade Pl & Madison St) Chicago, IL 60603 Neighborhood: The Loop",Mon-Fri 10:30 am - 4 pm,Yes,Yes,,Casual,Yes,$,No,Yes,Yes,No,No,,Lunch,No,Average,,,Yes,Yes,http://www.burritobeach.com,(312) 578-9340,2
jIuuCQR43r-q4t5kfcoDHA,Bon Appetit,"Bon Appetit - The Loop - Chicago, IL",9,4,"Restaurants, Cafes, METADATA","227 W Monroe St Chicago, IL 60606 Neighborhood: The Loop",,Yes,Yes,,Casual,,,,,Yes,,,,,,,,,,,http://www.cafebonappetit.com/,(312) 332-1075,1
jJ3R_3MLB38R_PzrKzKuAg,Bonivino Restaurant,"Bonivino Restaurant - The Loop - Chicago, IL",51,4,"Restaurants, Italian, METADATA","111 W Van Buren St (between Clark St & La Salle St) Chicago, IL 60605 Neighborhood: The Loop",,Yes,Yes,Street,Casual,Yes,$$,Yes,Yes,Yes,Yes,No,,"Lunch, Dinner",Full Bar,Average,,,No,Yes,http://www.bonivino.com/,(312) 427-0231,8
jPkbsGAke4HMHODgXM0Djg,Bockwinkel's,"Bockwinkel's - The Loop - Chicago, IL",65,4,"Food, Grocery, Restaurants, Delis, METADATA","222 N Columbus Dr (between Lower South Water & Water St) Chicago, IL 60601 Neighborhood: The Loop",Mon-Sun 7 am - 12 am,Yes,Yes,Street,Casual,No,$,,,Yes,No,,,,,,,No,,Yes,http://www.bockwinkels.com,(312) 228-9920,12
kCOXYG119YKaDZOwvqM5UQ,Brooks Brothers,"Brooks Brothers - River West - Chicago, IL",13,5,"Shopping, Fashion, Men's Clothing, Women's Clothing, METADATA","209 S La Salle St (between Adams St & Quincy St) Chicago, IL 60604 Neighborhoods: River West, Near West Side",,,Yes,,,,$$$,,,,,,,,,,,,,Yes,http://brooksbrothers.com,(312) 263-0100,3
kD5GSsbyztABNB2-jMYRFg,Brazilian Bikini Waxing By Diana,"Brazilian Bikini Waxing By Diana - The Loop - Chicago, IL",7,3,"Beauty and Spas, Nail Salons, Hair Removal, METADATA","175 N Franklin (between Monroe St & Couch Pl) Chicago, IL 60606 Neighborhood: The Loop",,,Yes,,,,$$,,,,,,,,,,,,,Yes,http://www.diananail.com,(312) 332-2665,2
kk0pyNoopIFvts-luEl_1A,Brent Books and Cards,"Brent Books and Cards - CLOSED - The Loop - Chicago, IL",12,4,"Shopping, Books, Mags, Music and Video, METADATA","309 W Washington St (between Franklin St & Lover) Chicago, IL 60606 Neighborhood: The Loop",,,,,,,$,,,,,,,,,,,,,,,(312) 364-0126,3
kwOMEjfgPBlcBbdjh58WMA,Burger King Express,"Burger King Express - The Loop - Chicago, IL",4,2,"Restaurants, Burgers, METADATA","100 W Randolph Dr (between Michigan Ave & Beaubien Ct) Chicago, IL 60601 Neighborhood: The Loop",,No,,,,Yes,,,,,,,,,,,,,,,http://www.burgerking.com,(312) 630-0342,2
l2iL3HoeI8UUmX_XRE0vUw,Beer Can Races,"Beer Can Races - The Loop - Chicago, IL",1,5,"Active Life, METADATA","Columbia Yacht Club - 111 N. Lake Shore Drive or SA 7 41 51.17N - 87 33.41W in Lake Michigan Chicago, IL 60601 Neighborhood: The Loop",,,,,,,,,,,,,,,,,,,,,http://www.columbiayachtclub.com/,,0
lqNs82Pdxw36Buhqqitz9g,Basia Hair Design,"Basia Hair Design - South Loop - Chicago, IL",21,5,"Beauty and Spas, Nail Salons, Hair Salons, METADATA","The Hilton Chicago 720 S Michigan Ave Chicago, IL 60605 Neighborhood: South Loop","Mon 10 am - 8 pm Tue, Thu 9 am - 6 pm Wed 9 am - 8 pm Fri 9 am - 7 pm Sat 9 am - 5 pm",Yes,Yes,"Garage, Street, Valet",,,$$,,,,,,,,,,,,,Yes,http://basiahairdesigninc.com/,(312) 341-9047,10
m2OBd94EhMNy-dAr5S9FKw,BAM! / Books A Million,"BAM! / Books A Million - The Loop - Chicago, IL",17,4,"Shopping, Books, Mags, Music and Video, Bookstores, METADATA","144 S Clark St Chicago, IL 60603 Neighborhood: The Loop",,,Yes,,,,$$,,,,,,,,,,,,,Yes,http://www.booksamillion.com,(312) 857-0613,4
mAXR3-qE_ccS2iti4Eq4aw,Being sick on Christmas,"Being sick on Christmas - The Loop - Chicago, IL",1,1,"Add, METADATA","home in bed Chicago, IL 60606",,,,,,,,,,,,,,,,,,,,,,,0
mGhelgrPvYfWSoAGQic-pA,Brian's Juice Bar & Deli,"Brian's Juice Bar & Deli - The Loop - Chicago, IL",58,4,"Restaurants, Greek, Food, Juice Bars & Smoothies, Mediterranean, METADATA","80 E Lake St (between Dearborn St & Garland Ct) Chicago, IL 60601 Neighborhood: The Loop",Mon-Fri 8:30 am - 6 pm Sat 10 am - 4 pm Sun 10 am - 3 pm,Yes,Yes,Street,Casual,No,$,No,Yes,Yes,No,Yes,No,Lunch,No,Quiet,,No,,No,http://briansdeli.com/,(312) 332-3435,5
MxE61_UKUvkoFkOi9ePM8g,Burrito Beach,"Burrito Beach - CLOSED - The Loop - Chicago, IL",16,4,"Restaurants, METADATA","195 N Dearborn St (between Couch Pl & Lake St) Chicago, IL 60601 Neighborhood: The Loop",,,Yes,,Casual,,$,No,Yes,Yes,No,,,,,,,,,,,(312) 372-6272,0
MYAQcmyiMFtxKTlLJ2o0hg,Bank Of America,"Bank Of America - The Loop - Chicago, IL",2,1,"Financial Services, Banks & Credit Unions, METADATA","201 S State St (between Adams St & Quincy St) Chicago, IL 60604 Neighborhood: The Loop",Mon-Fri 8 am - 6 pm Sat 9 am - 3 pm,,,,,,,,,,,,,,,,,,,,http://locators.bankofamerica.com,(312) 922-9600,0
n2khgAyytr5ejUxaXxtoVA,Base Bar,"Base Bar - CLOSED - The Loop - Chicago, IL",14,3,"Nightlife, Bars, Lounges, METADATA","Hard Rock Hotel 230 N Michigan Ave Chicago, IL 60601 Neighborhood: The Loop",,,Yes,,,No,$$$$,,,,,No,,,Full Bar,,,,,Yes,http://www.hardrockhotelchicago.coâ€¦,,0
nhAl-TYEPMZp6b4mzLRnzg,B Bella Salon,"B Bella Salon - South Loop - Chicago, IL",32,3,"Beauty and Spas, Hair Salons, Hair Removal, METADATA","719 S State St (between Balbo Ave & Polk St) Chicago, IL 60605 Neighborhood: South Loop",Mon 10 am - 6 pm Tue-Fri 9 am - 7 pm Sat 8 am - 6 pm,No,Yes,Street,,,$$,,,,,,,,,,,,,Yes,http://www.bbellasalon.com,(312) 922-9500,78
Nj1S50plrXjrchoDuNT95Q,Bombay Wraps,"Bombay Wraps - The Loop - Chicago, IL",188,4,"Restaurants, Indian, METADATA","122 N Wells St Chicago, IL 60606 Neighborhood: The Loop",Mon-Thu 7:30 am - 6 pm Fri 7:30 am - 12 am Sun 10:30 am - 2:30 pm,Yes,Yes,"Garage, Street",Casual,No,$,No,Yes,Yes,No,No,No,Lunch,No,Average,Casual,Yes,Yes,Yes,http://bombaywraps.com,(312) 739-9727,34
ob8DDY3DxytMJKgBO_dYaw,Berry Chill,"Berry Chill - CLOSED - The Loop - Chicago, IL",92,4,"Food, Ice Cream & Frozen Yogurt, METADATA","132 N LaSalle Street Chicago, IL 60602 Neighborhood: The Loop",,,Yes,Street,,,$$,,,,,,,,,,,,,Yes,http://www.berrychill.com/,(312) 553-2445,17
oKKDtSCcT1b6F0bHyKjrHA,Bikram Yoga Chicago,"Bikram Yoga Chicago - South Loop - Chicago, IL",22,5,"Active Life, Fitness & Instruction, Yoga, METADATA","47 W Polk St (between Dearborn St & Plymouth Ct) Chicago, IL 60605 Neighborhood: South Loop",,No,,,,,,,,,,,,,,,,,,,http://www.105f.com,(312) 922-9642,5
p2KxGY6wKgAowBmwZaTH8w,Bar Louie,"Bar Louie - South Loop - Chicago, IL",119,3,"Nightlife, Bars, Restaurants, American (New), METADATA","47 W Polk St (between Dearborn St & Federal St) Chicago, IL 60605 Neighborhood: South Loop",Mon-Sun 11 am - 2 am,,Yes,Street,Casual,Yes,$$,,,,,Yes,,,Full Bar,Average,Casual,Yes,,Yes,http://www.BarLouieAmerica.com,(312) 347-0000,19
P6oH5jmzYyQ_nBkQL2kkrA,Bobbi Brown,"Bobbi Brown - The Loop - Chicago, IL",3,5,"Beauty and Spas, Cosmetics & Beauty Supply, Shopping, Skin Care, Makeup Artists, METADATA","Macy's on State Street, 1st Floor 111 N State St Chicago, IL 60602 Neighborhood: The Loop",,,Yes,,,,$$,,,,,,,,,,,,,,http://www.bobbibrown.com,(312) 781-1000,1
psg6jBQYmL9AFnmIJC37Yg,Billy Goat Tavern & Grill,"Billy Goat Tavern & Grill - The Loop - Chicago, IL",42,3,"Restaurants, Burgers, Event Planning & Services, Caterers, METADATA","309 W Washington St (between Wacker Dr & Franklin St) Chicago, IL 60606 Neighborhood: The Loop",,No,Yes,,Casual,Yes,$,No,No,Yes,No,No,No,Lunch,Full Bar,Average,,Yes,No,Yes,http://www.billygoattavern.com,(312) 899-1873,1
qEkZiECyndnfqbXNT5gPLA,"Brian Lavery, MD","Brian Lavery, MD - The Loop - Chicago, IL",31,5,"Health and Medical, Doctors, Internal Medicine, METADATA","111 W Washington St Ste 1801 (between Clark St & La Salle St) Chicago, IL 60602 Neighborhood: The Loop",Mon-Fri 9 am - 4:30 pm,,,,,,,,,,,,,,,,,,,,http://www.loopinternalmedicine.com,(312) 726-8800,4
Qm7XFyoRlFfptCKLiRzmXQ,Boston Blackies,"Boston Blackies - Near West Side - Chicago, IL",127,3,"Restaurants, Burgers, METADATA","120 S Riverside Plz (between Adams St & Monroe St) Chicago, IL 60606 Neighborhood: Near West Side",,No,Yes,Street,Casual,Yes,$$,No,No,Yes,Yes,Yes,,Lunch,Full Bar,Average,,Yes,,Yes,http://www.bostonblackies.com,(312) 382-0700,8
QN84zgPFqLa1YMLz-c9cgw,B P Connect,"B P Connect - Near Southside - Chicago, IL",7,2,"Automotive, Gas & Service Stations, METADATA","1221 S Wabash Ave (between 13th St & 11th St) Chicago, IL 60605 Neighborhood: Near Southside",,,,,,,,,,,,,,,,,,,,,,(312) 566-0067,2
r8yNP4VC8eHKA_AFMSS9Dw,Be Sweet,"Be Sweet - CLOSED - Near Southside - Chicago, IL",4,5,"Food, Desserts, Event Planning & Services, Caterers, METADATA","1322 S Prairie Ave Chicago, IL 60605 Neighborhood: Near Southside",,,No,,,,$,,,,,,,,,,,,,,,(708) 655-8925,0
rEsYt8-WndhJCEFtjWUs8w,Bowl Square,"Bowl Square - Near West Side - Chicago, IL",14,4,"Restaurants, Korean, METADATA","131 N Clinton Ave Chicago, IL 60606 Neighborhood: Near West Side",,Yes,Yes,,Casual,Yes,$,No,No,Yes,Yes,No,,,No,,,No,,Yes,http://www.bowlsquare.com,(312) 575-0306,5
rtZiJiTxeuUaE_yAmoKuqQ,Block 37,"Block 37 - The Loop - Chicago, IL",26,4,"Shopping, Shopping Centers, METADATA","108 N State St (between Washington St & Court Pl) Chicago, IL 60602 Neighborhood: The Loop",Mon-Sat 10 am - 8 pm Sun 11 am - 6 pm,,Yes,,,,$$,,,,,,,,,,,,,Yes,http://www.block37.com,(312) 261-4738,5
T95rX_mYNeuuKPnT4yjwzg,Blackhawks Store,"Blackhawks Store - The Loop - Chicago, IL",13,5,"Shopping, Hobby Shops, METADATA","333 N Michigan Ave (between Wacker Pl & Macchesneyer Dr) Chicago, IL 60601 Neighborhood: The Loop",,,Yes,Street,,,$$,,,,,,,,,,,,,Yes,,(312) 464-2957,8
TifzFL-ytrwIKgIB-ImjhA,Bash on Wabash,"Bash on Wabash - Near Southside - Chicago, IL",1,4,"Local Flavor, METADATA","1300 S. Wabash (between 13th St & 14th St) Chicago, IL 60605 Neighborhood: Near Southside",,,,,,,,,,,,,,,,,,,,,,,0
tqa-QwD8DpkiIsjnrS5J5g,Bank of America Theatre,"Bank of America Theatre - The Loop - Chicago, IL",51,4,"Arts & Entertainment, Performing Arts, METADATA","18 W Monroe St (between State St & Wabash Ave) Chicago, IL 60603 Neighborhood: The Loop",,Yes,,,,,,,,,,,,,,,,,,,http://www.bank-of-america-theatreâ€¦,(312) 977-1700,3
tXJjyw6rXkfwdIEWibpqjg,Brooks Shoe Service,"Brooks Shoe Service - The Loop - Chicago, IL",50,4,"Local Services, Shoe Repair, METADATA","29 E Madison Ste 610 (between Holden Ct & Wabash Ave) Chicago, IL 60602 Neighborhood: The Loop",Mon-Fri 8 am - 5:30 pm,,Yes,,,,,,,,,,,,,,,,,,http://brooksshoeservice.com,(312) 704-6805,14
UAT_J_bxefTGAvwrDMdCNA,Board of Election Commissioners,"Board of Election Commissioners - The Loop - Chicago, IL",6,5,"Public Services & Government, METADATA","69 W. Washington St (between Clark St & Dearborn St) Chicago, IL 60602 Neighborhood: The Loop",,,,,,,,,,,,,,,,,,,,,http://www.chicagoelections.com/,(312) 269-7900,1
UHl8doS1sLo7rbuysWEYLw,Barry L Gordon & Associates,"Barry L Gordon & Associates - The Loop - Chicago, IL",1,5,"Professional Services, Lawyers, Divorce and Family Law, METADATA","205 W Randolph St Chicago, IL 60606 Neighborhood: The Loop",,,,,,,,,,,,,,,,,,,,,http://www.barrylgordon.com,(312) 750-1400,2
UjN2TyfuIaEG7uF8iN2kVg,Bradley R Sabin MD,"Bradley R Sabin MD - The Loop - Chicago, IL",1,5,"Health and Medical, Doctors, Allergists, METADATA","200 South Michigan Ste 805 (between Jackson Dr & Adams St) Chicago, IL 60604 Neighborhood: The Loop","Mon-Tue, Thu-Fri 9 am - 5 pm Wed 9 am - 12 pm",,,,,,,,,,,,,,,,,,,,http://www.michiganavenueinternistâ€¦,(312) 922-3815,0
umYdcjb76WqWv7EHwRH89w,Barbri,"Barbri - The Loop - Chicago, IL",1,2,"Education, Tutoring Centers, METADATA","1 N Dearborn St Ste 650 (between Madison St & Calhoun Pl) Chicago, IL 60602 Neighborhood: The Loop",,,,,,,,,,,,,,,,,,,,,http://barbri.com,,0
V58umA7q3w_S8l95Me2XbQ,BALANI Custom Clothiers,"BALANI Custom Clothiers - The Loop - Chicago, IL",8,5,"Shopping, Fashion, Men's Clothing, METADATA","10 S La Salle St Ste 210 (between Madison St & Arcade Pl) Chicago, IL 60603 Neighborhood: The Loop",Mon-Fri 10 am - 6 pm,,Yes,,,,$$$,,,,,,,,,,,,,Yes,http://www.balanicustom.com,(312) 263-9003,23
VuqXyU0WDKpf5gnOz-POhw,Billy Goat Tavern & Grill,"Billy Goat Tavern & Grill - The Loop - Chicago, IL",52,3,"Nightlife, Bars, Pubs, Restaurants, American (Traditional), METADATA","330 S Wells St Chicago, IL 60606 Neighborhood: The Loop",,No,Yes,Street,Casual,Yes,$,No,No,Yes,No,No,,Lunch,Full Bar,Average,,Yes,Yes,Yes,,(312) 554-0297,5
vVNyyI75RVIfUHatVrpsRg,"Bradford Miller Law, PC","Bradford Miller Law, PC - The Loop - Chicago, IL",5,5,"Professional Services, Lawyers, Real Estate Law, METADATA","134 N LaSalle Ste 1040 Chicago, IL 60602 Neighborhood: The Loop",Mon-Fri 8:30 am - 5 pm,,,,,,,,,,,,,,,,,,,,http://www.bradfordmillerlaw.com/,(312) 238-9298,8
VZ7M9EBqURLI4n55WCI8dg,Bar Novo,"Bar Novo - The Loop - Chicago, IL",22,4,"Nightlife, Bars, METADATA","1 W Wacker Dr Renaissance Chicago Hotel (at Wabash Ave) Chicago, IL 60601 Neighborhood: The Loop",Mon-Sat 1 pm - 2 am Sun 1 pm - 12 am,,Yes,"Garage, Street, Valet",,Yes,$$$,,,,,No,,,Full Bar,Average,"Classy, Upscale, Intimate",Yes,,Yes,http://www.barnovo.com/,(312) 372-7200,4
vz7ZaX5QoHDzfUXEo5Ifdw,Bonjour Cafe,"Bonjour Cafe - The Loop - Chicago, IL",8,4,"Restaurants, Breakfast & Brunch, Cafes, METADATA","100 W Randolph St (between Michigan Ave & Beaubien Ct) Chicago, IL 60601 Neighborhood: The Loop",,,,,Casual,,$,No,,,,Yes,,,,,,,,Yes,,(312) 553-0305,1
wbOL77wMgSKV1yOkQuxw2Q,Buddy Guy's Legends,"Buddy Guy's Legends - South Loop - Chicago, IL",161,4,"Arts & Entertainment, Jazz & Blues, Nightlife, Music Venues, Restaurants, Sandwiches, METADATA","700 S Wabash Ave (between Balbo Ave & 8th St) Chicago, IL 60605 Neighborhood: South Loop",Mon-Tue 5 pm - 2 am Wed-Fri 11 am - 2 am Sat 12 pm - 3 am Sun 12 pm - 2 am,No,Yes,Street,Casual,Yes,$$,No,No,Yes,Yes,No,No,,Full Bar,Very Loud,Casual,Yes,Yes,Yes,http://www.buddyguys.com,(312) 427-1190,19
WfvODsf3KFDAkIbz0nWE-w,Buckingham Fountain,"Buckingham Fountain - The Loop - Chicago, IL",132,5,"Active Life, Parks, Public Services & Government, Landmarks & Historical Buildings, METADATA","Grant Park S Columbus Dr & E Congress Pkwy Chicago, IL 60605 Neighborhood: The Loop",Mon-Sun 8 am - 11 pm,Yes,,,,,,,,,,,,,,,,,,,,(773) 742-7529,14
wpJlmJzn8D5uyvdUUeoh5Q,Bob Barrett Massage,"Bob Barrett Massage - The Loop - Chicago, IL",2,5,"Beauty and Spas, Massage, METADATA","400 E Randolph St Ste 740 (at Field Blvd) Chicago, IL 60601 Neighborhood: The Loop",,,,,,,,,,,,,,,,,,,,,http://www.bobbarrettmassage.com,(312) 560-4689,2
WT00rayjoQYLHqEiG0xpMQ,Burrito Beach,"Burrito Beach - The Loop - Chicago, IL",29,3,"Restaurants, Fast Food, Mexican, METADATA","233 N Michigan Ave (between Lake St & Wacker Pl) Chicago, IL 60601 Neighborhood: The Loop",Mon-Fri 7 am - 4:30 pm Sun 10 am - 3 pm,Yes,Yes,Garage,Casual,No,$,No,No,Yes,No,No,,Lunch,No,Quiet,Casual,No,,Yes,http://www.burritobeach.com/,(312) 861-1986,3
WxWrurWu_VzMdiSH8AHj7w,Burland Harold & Son,"Burland Harold & Son - The Loop - Chicago, IL",10,5,"Shopping, Jewelry, METADATA","5 S Wabash Ave Chicago, IL 60603 Neighborhood: The Loop",,,No,"Garage, Street",,,$$$,,,,,,,,,,,,,Yes,,(312) 332-5176,6
wZObfwweii9_1rckShR15g,Blackie's,"Blackie's - Printer's Row - Chicago, IL",94,4,"Restaurants, American (Traditional), METADATA","755 S Clark St (between Harrison St & Polk St) Chicago, IL 60605 Neighborhoods: Printer's Row, South Loop",Mon-Thu 11 am - 2 am Fri-Sat 7:30 am - 2 am Sun 7:30 am - 12 am,Yes,Yes,"Garage, Street",Casual,Yes,$$,Yes,No,Yes,Yes,Yes,Paid,"Lunch, Dinner",Full Bar,Average,,Yes,Yes,Yes,http://www.blackieschicago.com,(312) 786-1161,18
XtW8l8jHcIF2HQtJszZc4A,Brudno Art Supply,"Brudno Art Supply - CLOSED - South Loop - Chicago, IL",5,4,"Shopping, Arts & Crafts, Art Supplies, METADATA","29 E Balbo Ave (between State St & Holden Ct) Chicago, IL 60605 Neighborhood: South Loop",,,,,,,,,,,,,,,,,,,,,,(312) 294-4100,3
y17CXCLiOu-7Sf0boRa5Ow,Bank of America,"Bank of America - Chicago, IL",7,4,"Add, METADATA","231 S La Salle St Lbby 11 Chicago, IL 60604",,,,,,,,,,,,,,,,,,,,,,(312) 828-1200,0
yfIvLlmd3ZvCQCIuxGFNTg,brokersXpress,"brokersXpress - The Loop - Chicago, IL",1,4,"Financial Services, Investing, METADATA","39 S LaSalle St Ste 220 Chicago, IL 60603 Neighborhood: The Loop",,,,,,,,,,,,,,,,,,,,,http://www.brokersxpress.com,(312) 220-7422,0
yMcDIh6SRcPQwAGMORi4Aw,Barnes & Noble,"Barnes & Noble - The Loop - Chicago, IL",48,3,"Shopping, Books, Mags, Music and Video, Bookstores, METADATA","1 E. Jackson Blvd (between State St & Wabash Ave) Chicago, IL 60604 Neighborhood: The Loop",,,Yes,Street,,,$$,,,,,,,,,,,,,Yes,http://www.bn.com,(312) 362-8795,10
YxmnCbGzkOBq-aMbNMtk_Q,Blick Art Materials,"Blick Art Materials - The Loop - Chicago, IL",62,4,"Shopping, Arts & Crafts, Art Supplies, METADATA","42 S State St (between Madison St & Monroe St) Chicago, IL 60603 Neighborhood: The Loop",,,Yes,Street,,,$$,,,,,,,,,,,,,Yes,http://www.dickblick.com,(312) 920-0300,8
z8u1spcZqSCDRnX_JXO3ag,Burnham Plaza Mart,"Burnham Plaza Mart - South Loop - Chicago, IL",4,4,"Food, Grocery, Beer, Wine & Spirits, METADATA","828 S Wabash Ave (between 9th St & 8th St) Chicago, IL 60605 Neighborhood: South Loop",Mon-Sat 7 am - 12 am Sun 7 am - 11 pm,,Yes,Street,,,$,,,,,,,,,,,,,Yes,,(312) 663-5010,1
ZXQxq9Xa-bveIrpwp_ZOAw,Bike and Roll Chicago,"Bike and Roll Chicago - The Loop - Chicago, IL",36,4,"Hotels & Travel, Tours, Active Life, Bike Rentals, METADATA","239 E Randolph (at Columbus Dr) Chicago, IL 60601 Neighborhood: The Loop",Mon-Fri 6:30 am - 10 pm Sat-Sun 8 am - 10 pm,Yes,,,,,,,,,,,,,,,,,,,http://www.bikechicago.com,(312) 729-1000,81
_mg2FE1viaYC9tFmDkybxw,Banh Mi Express Sandwiches,"Banh Mi Express Sandwiches - The Loop - Chicago, IL",28,3,"Restaurants, Sandwiches, Vietnamese, METADATA","105 W Madison St Ste 109B (between Clark St & La Salle St) Chicago, IL 60603 Neighborhood: The Loop",Mon-Sun 8 am - 6 pm,No,Yes,,Casual,,$,No,Yes,Yes,No,No,,Lunch,No,Quiet,,No,,,http://www.chicagobanhmiexpress.com,(312) 263-8222,2
_TAIpZRjy5VaCRTx2ouj8A,Baba's Village,"Baba's Village - Near West Side - Chicago, IL",76,3,"Restaurants, Indian, Pakistani, METADATA","310A S Canal St (at Fulton St) Chicago, IL 60606 Neighborhood: Near West Side",Mon-Fri 10 am - 9 pm,No,Yes,Garage,Casual,Yes,$,No,No,Yes,No,Yes,Free,Lunch,No,Quiet,Casual,No,,Yes,http://www.babavillage.com/,(312) 880-0010,9
